기준년도,학교명,캠퍼스,학과,학년,이수구분,세부분류,필수선택,교과목명,1학기_학수번호,1학기_학점,1학기_시수,2학기_학수번호,2학기_학점,2학기_시수,MSC여부,MSC분야,전공필수여부,전공선택여부,설계과목여부,권장교과목여부,비고,출처페이지,원본파일,검토필요
2026,홍익대학교,세종캠퍼스,소프트웨어융합학과,1,기본소양,기초교양,필수,논리적사고와글쓰기(공학) / 공학글쓰기 (중 택1),"001012,001020",3,4,,,,N,,N,N,N,N,,1,소프트웨어융합학과_학년별교과과정.pdf,N
2026,홍익대학교,세종캠퍼스,소프트웨어융합학과,1,기본소양,기초교양,필수,대학영어,,,,001023,3,3,N,,N,N,N,N,영어: 명칭변경(→대학영어),1,2026 교과과정 책자(안) A-5~A-7·학과 홈페이지 교과과정 대조(2026-10-01),N
2026,홍익대학교,세종캠퍼스,소프트웨어융합학과,1,기본소양,기초교양,선택,대학생활세미나,004004,1,1,,,,N,,N,N,N,N,,1,소프트웨어융합학과_학년별교과과정.pdf,N
2026,홍익대학교,세종캠퍼스,소프트웨어융합학과,1,기본소양,일반교양,,사회와 경제(2영역) 경제학입문,,,,002442,3,3,N,,N,N,N,Y,기본소양 권장교과목,1,소프트웨어융합학과_학년별교과과정.pdf,N
2026,홍익대학교,세종캠퍼스,소프트웨어융합학과,1,기본소양,일반교양,,역사와 문화(3영역) 동양사의이해,,,,002586,3,3,N,,N,N,N,Y,기본소양 권장교과목,1,소프트웨어융합학과_학년별교과과정.pdf,N
2026,홍익대학교,세종캠퍼스,소프트웨어융합학과,1,기본소양,핵심교양,,공학의이해(7영역) 컴퓨터정보통신공학개론,,,,004176,3,3,N,,N,N,N,Y,기본소양 권장교과목,1,소프트웨어융합학과_학년별교과과정.pdf,N
2026,홍익대학교,세종캠퍼스,소프트웨어융합학과,1,MSC,수학,,대학수학(1),012201,3,3,,,,Y,수학,N,N,N,N,,1,소프트웨어융합학과_학년별교과과정.pdf,N
2026,홍익대학교,세종캠퍼스,소프트웨어융합학과,1,MSC,수학,,대학수학(2),,,,012202,3,3,Y,수학,N,N,N,N,,1,소프트웨어융합학과_학년별교과과정.pdf,N
2026,홍익대학교,세종캠퍼스,소프트웨어융합학과,1,MSC,과학,,대학물리(1),012102,3,3,,,,Y,과학,N,N,N,N,,1,소프트웨어융합학과_학년별교과과정.pdf,N
2026,홍익대학교,세종캠퍼스,소프트웨어융합학과,1,MSC,과학,,대학물리실험(1),012103,1,2,,,,Y,과학,N,N,N,N,,1,소프트웨어융합학과_학년별교과과정.pdf,N
2026,홍익대학교,세종캠퍼스,소프트웨어융합학과,1,MSC,전산,,공학컴퓨터입문 및 실습,012301,3,3,부학기,3,3,Y,전산,N,N,N,N,2학기 학수번호 칸에 '부학기'로 표기,1,소프트웨어융합학과_학년별교과과정.pdf,N
2026,홍익대학교,세종캠퍼스,소프트웨어융합학과,1,MSC,전산,,C-프로그래밍,,,,101810,3,3,Y,전산,N,N,N,N,,1,소프트웨어융합학과_학년별교과과정.pdf,N
2026,홍익대학교,세종캠퍼스,소프트웨어융합학과,1,MSC,전산,,파이썬프로그래밍(입문),012316,3,3,,,,Y,전산,N,N,N,Y,MSC(전산) 권장교과목 추가,1,소프트웨어융합학과_학년별교과과정.pdf,N
2026,홍익대학교,세종캠퍼스,소프트웨어융합학과,1,MSC,전산,,파이썬프로그래밍(응용),,,,012317,3,3,Y,전산,N,N,N,Y,MSC(전산) 권장교과목 추가,1,소프트웨어융합학과_학년별교과과정.pdf,N
2026,홍익대학교,세종캠퍼스,소프트웨어융합학과,1,전공선택,,,창의적공학설계입문,725843,2,2,부학기,2,2,N,,N,Y,Y,Y,학년 변경(2→1); 2학기 학수번호 칸에 '부학기'로 표기,1,소프트웨어융합학과_학년별교과과정.pdf,N
2026,홍익대학교,세종캠퍼스,소프트웨어융합학과,1,전공선택,,,회로이론,,,,704305,3,3,N,,N,Y,N,N,,1,소프트웨어융합학과_학년별교과과정.pdf,N
2026,홍익대학교,세종캠퍼스,소프트웨어융합학과,2,기본소양,일반교양,,예술과 생활(4영역) 현대생활과디자인,002059,3,3,,,,N,,N,N,N,Y,기본소양 권장교과목,2,소프트웨어융합학과_학년별교과과정.pdf,N
2026,홍익대학교,세종캠퍼스,소프트웨어융합학과,2,MSC,수학,,선형대수학,012205,3,3,,,,Y,수학,N,N,N,N,,2,소프트웨어융합학과_학년별교과과정.pdf,N
2026,홍익대학교,세종캠퍼스,소프트웨어융합학과,2,MSC,수학,,이산수학,,,,012206,3,3,Y,수학,N,N,N,N,,2,소프트웨어융합학과_학년별교과과정.pdf,N
2026,홍익대학교,세종캠퍼스,소프트웨어융합학과,2,MSC,수학,,컴퓨터응용통계,012208,3,3,,,,Y,수학,N,N,N,N,,2,소프트웨어융합학과_학년별교과과정.pdf,N
2026,홍익대학교,세종캠퍼스,소프트웨어융합학과,2,MSC,전산,,웹프로그래밍,012306,3,3,,,,Y,전산,N,N,N,N,,2,소프트웨어융합학과_학년별교과과정.pdf,N
2026,홍익대학교,세종캠퍼스,소프트웨어융합학과,2,전공필수,,,자료구조 및 프로그래밍 실습,704818,3,4,부학기,3,4,N,,Y,N,N,N,2학기 학수번호 칸에 '부학기'로 표기,2,소프트웨어융합학과_학년별교과과정.pdf,N
2026,홍익대학교,세종캠퍼스,소프트웨어융합학과,2,전공필수,,,신호 및 시스템,,,,704406,3,3,N,,Y,N,N,N,,2,소프트웨어융합학과_학년별교과과정.pdf,N
2026,홍익대학교,세종캠퍼스,소프트웨어융합학과,2,전공필수,,,머신러닝및실습(1),,,,704413,3,3,N,,Y,N,N,N,머신러닝: 명칭변경(←데이터마이닝); 시수변경(실기3→이론1/실기2),2,소프트웨어융합학과_학년별교과과정.pdf,N
2026,홍익대학교,세종캠퍼스,소프트웨어융합학과,2,전공선택,,,디지털공학,704509,3,3,,,,N,,N,Y,N,N,,2,소프트웨어융합학과_학년별교과과정.pdf,N
2026,홍익대학교,세종캠퍼스,소프트웨어융합학과,2,전공선택,,,지능형전자시스템,704308,3,3,,,,N,,N,Y,N,N,,2,소프트웨어융합학과_학년별교과과정.pdf,N
2026,홍익대학교,세종캠퍼스,소프트웨어융합학과,2,전공선택,,,인터넷공학(1),,,,704831,3,3,N,,N,Y,N,N,,2,소프트웨어융합학과_학년별교과과정.pdf,N
2026,홍익대학교,세종캠퍼스,소프트웨어융합학과,2,전공선택,,,자바프로그래밍 및 실습,,,,704827,3,4,N,,N,Y,N,N,,2,소프트웨어융합학과_학년별교과과정.pdf,N
2026,홍익대학교,세종캠퍼스,소프트웨어융합학과,2,전공선택,,,컴퓨터구조,,,,704410,3,3,N,,N,Y,N,N,,2,소프트웨어융합학과_학년별교과과정.pdf,N
2026,홍익대학교,세종캠퍼스,소프트웨어융합학과,3,기본소양,일반교양,,제2외국어와한문(5영역) 교양한문(1),002605,3,3,,,,N,,N,N,N,Y,기본소양 권장교과목,3,소프트웨어융합학과_학년별교과과정.pdf,N
2026,홍익대학교,세종캠퍼스,소프트웨어융합학과,3,기본소양,핵심교양,,공학의이해(7영역) CTO특강,,,,008753,2,2,N,,N,N,N,Y,기본소양 권장교과목,3,소프트웨어융합학과_학년별교과과정.pdf,N
2026,홍익대학교,세종캠퍼스,소프트웨어융합학과,3,전공필수,,,알고리즘 및 실습,704826,4,4,,,,N,,Y,N,N,N,,3,소프트웨어융합학과_학년별교과과정.pdf,N
2026,홍익대학교,세종캠퍼스,소프트웨어융합학과,3,전공필수,,,머신러닝및실습(2),704612,3,3,,,,N,,Y,N,N,N,학기 변경(2→1),3,소프트웨어융합학과_학년별교과과정.pdf,N
2026,홍익대학교,세종캠퍼스,소프트웨어융합학과,3,전공선택,,,운영체제,704512,3,3,,,,N,,N,Y,N,N,,3,소프트웨어융합학과_학년별교과과정.pdf,N
2026,홍익대학교,세종캠퍼스,소프트웨어융합학과,3,전공선택,,,디자인패턴프로그래밍및실습,704828,3,4,,,,N,,N,Y,N,N,,3,소프트웨어융합학과_학년별교과과정.pdf,N
2026,홍익대학교,세종캠퍼스,소프트웨어융합학과,3,전공선택,,,인터넷공학(2),704832,3,3,,,,N,,N,Y,N,N,,3,소프트웨어융합학과_학년별교과과정.pdf,N
2026,홍익대학교,세종캠퍼스,소프트웨어융합학과,3,전공선택,,,확률 및 불규칙 변수,704502,3,3,,,,N,,N,Y,N,N,,3,소프트웨어융합학과_학년별교과과정.pdf,N
2026,홍익대학교,세종캠퍼스,소프트웨어융합학과,3,전공선택,,,통신이론,,,,704514,3,3,N,,N,Y,N,N,학기 변경(1→2),3,소프트웨어융합학과_학년별교과과정.pdf,N
2026,홍익대학교,세종캠퍼스,소프트웨어융합학과,3,전공선택,,,데이터베이스 및 실습,,,,704822,3,3,N,,N,Y,N,N,,3,소프트웨어융합학과_학년별교과과정.pdf,N
2026,홍익대학교,세종캠퍼스,소프트웨어융합학과,3,전공선택,,,통신프로그래밍,,,,704836,3,3,N,,N,Y,N,N,,3,소프트웨어융합학과_학년별교과과정.pdf,N
2026,홍익대학교,세종캠퍼스,소프트웨어융합학과,3,전공선택,,,네트워크실험,,,,704511,3,4,N,,N,Y,N,N,,3,소프트웨어융합학과_학년별교과과정.pdf,N
2026,홍익대학교,세종캠퍼스,소프트웨어융합학과,3,전공선택,,,오픈소스소프트웨어,,,,704833,3,3,N,,N,Y,N,N,,3,소프트웨어융합학과_학년별교과과정.pdf,N
2026,홍익대학교,세종캠퍼스,소프트웨어융합학과,3,전공선택,,,데이터 사이언스,,,,704816,3,3,N,,N,Y,N,N,학기 변경(1→2),3,소프트웨어융합학과_학년별교과과정.pdf,N
2026,홍익대학교,세종캠퍼스,소프트웨어융합학과,3,전공선택,,,엔지니어 앙트레프레너십,,,,190426,1,1,N,,N,Y,N,N,,3,소프트웨어융합학과_학년별교과과정.pdf,N
2026,홍익대학교,세종캠퍼스,소프트웨어융합학과,4,기본소양,핵심교양,,법과생활(6영역) 산업·데이터공학의이해,004189,3,3,,,,N,,N,N,N,Y,첨단기술과경영: 명칭변경(→산업·데이터공학의이해); 기본소양 권장교과목,4,2026 교과과정 책자(안) A-5~A-7·학과 홈페이지 교과과정 대조(2026-10-01),N
2026,홍익대학교,세종캠퍼스,소프트웨어융합학과,4,전공필수,,,종합설계(2),부학기,3,4,704814,3,4,N,,Y,N,Y,N,1학기 학수번호 칸에 '부학기'로 표기,4,소프트웨어융합학과_학년별교과과정.pdf,N
2026,홍익대학교,세종캠퍼스,소프트웨어융합학과,4,전공선택,,,종합설계(1),704711,3,3,부학기,3,3,N,,N,Y,Y,N,2학기 학수번호 칸에 '부학기'로 표기,4,소프트웨어융합학과_학년별교과과정.pdf,N
2026,홍익대학교,세종캠퍼스,소프트웨어융합학과,4,전공선택,,,모바일 시스템 융합 및 실습,704817,3,3,,,,N,,N,Y,N,N,,4,소프트웨어융합학과_학년별교과과정.pdf,N
2026,홍익대학교,세종캠퍼스,소프트웨어융합학과,4,전공선택,,,가상현실프로그래밍,704713,3,3,,,,N,,N,Y,N,N,,4,소프트웨어융합학과_학년별교과과정.pdf,N
2026,홍익대학교,세종캠퍼스,소프트웨어융합학과,4,전공선택,,,소프트웨어공학,704805,3,3,,,,N,,N,Y,N,N,,4,소프트웨어융합학과_학년별교과과정.pdf,N
2026,홍익대학교,세종캠퍼스,소프트웨어융합학과,4,전공선택,,,컴퓨터보안,704811,3,3,,,,N,,N,Y,N,N,,4,소프트웨어융합학과_학년별교과과정.pdf,N
2026,홍익대학교,세종캠퍼스,소프트웨어융합학과,4,전공선택,,,안드로이드프로그래밍 및 실습,,,,704825,3,3,N,,N,Y,N,N,,4,소프트웨어융합학과_학년별교과과정.pdf,N
2026,홍익대학교,세종캠퍼스,소프트웨어융합학과,4,전공선택,,,블록체인개론,,,,704837,3,3,N,,N,Y,N,N,,4,소프트웨어융합학과_학년별교과과정.pdf,N
2026,홍익대학교,세종캠퍼스,소프트웨어융합학과,4,전공선택,,,지능형무선통신네트워크,,,,704839,3,3,N,,N,Y,N,N,,4,2026 교과과정 책자(안) A-5~A-7·학과 홈페이지 교과과정 대조(2026-10-01),N
2026,홍익대학교,세종캠퍼스,소프트웨어융합학과,4,전공선택,,,인공지능,,,,704840,3,3,N,,N,Y,N,N,,4,2026 교과과정 책자(안) A-5~A-7·학과 홈페이지 교과과정 대조(2026-10-01),N
2026,홍익대학교,세종캠퍼스,소프트웨어융합학과,4,일반선택,,,졸업논문,002742,3,-,002742,3,-,N,,N,N,N,N,,4,2026 교과과정 책자(안) A-5~A-7·학과 홈페이지 교과과정 대조(2026-10-01),N
